INSERT IGNORE INTO purchase_requests (
    request_id,
    company_id,
    requester_id,
    department_id,
    category_id,
    budget_account_id,
    supplier_id,
    title,
    description,
    status,
    total_amount,
    currency,
    expected_delivery_date,
    submitted_at,
    field_snapshot_json,
    created_at,
    updated_at
) VALUES
    (
        'PR-20260519-0401',
        'company-digital',
        'user-digital-applicant',
        'dept-digital-it',
        'category-software-subscription',
        'budget-digital-software',
        'supplier-yunzhou',
        '研发云测试资源季度扩容',
        '自动化测试团队需要临时扩容云端测试资源，覆盖性能压测和兼容性验证。',
        'SUBMITTED',
        86000.00,
        'CNY',
        '2026-06-19',
        '2026-05-19 11:05:00',
        JSON_OBJECT('formVersion', 'purchase-request-intake-v1', 'companyId', 'company-digital', 'requesterId', 'user-digital-applicant', 'departmentId', 'dept-digital-it', 'categoryId', 'category-software-subscription', 'budgetAccountId', 'budget-digital-software', 'supplierId', 'supplier-yunzhou', 'title', '研发云测试资源季度扩容', 'expectedDeliveryDate', '2026-06-19', 'totalAmount', 86000.00, 'currency', 'CNY', 'lineCount', 1),
        '2026-05-19 10:58:00',
        '2026-05-19 11:05:00'
    ),
    (
        'PR-20260519-0402',
        'company-digital',
        'user-digital-applicant',
        'dept-digital-admin',
        'category-office-supplies',
        'budget-digital-office',
        'supplier-chengcai',
        '新员工入职办公套装采购',
        '综合管理部为六月入职员工集中采购办公套装和会议协作用品。',
        'SUBMITTED',
        35200.00,
        'CNY',
        '2026-06-08',
        '2026-05-19 11:18:00',
        JSON_OBJECT('formVersion', 'purchase-request-intake-v1', 'companyId', 'company-digital', 'requesterId', 'user-digital-applicant', 'departmentId', 'dept-digital-admin', 'categoryId', 'category-office-supplies', 'budgetAccountId', 'budget-digital-office', 'supplierId', 'supplier-chengcai', 'title', '新员工入职办公套装采购', 'expectedDeliveryDate', '2026-06-08', 'totalAmount', 35200.00, 'currency', 'CNY', 'lineCount', 2),
        '2026-05-19 11:12:00',
        '2026-05-19 11:18:00'
    ),
    (
        'PR-20260519-0403',
        'company-digital',
        'user-digital-applicant',
        'dept-digital-it',
        'category-it-hardware',
        'budget-digital-it-equipment',
        'supplier-bluechip',
        '客户演示终端补充采购',
        '售前团队需要补充高性能演示终端，用于客户现场方案演示和标前测试。',
        'SUBMITTED',
        148500.00,
        'CNY',
        '2026-06-24',
        '2026-05-19 11:32:00',
        JSON_OBJECT('formVersion', 'purchase-request-intake-v1', 'companyId', 'company-digital', 'requesterId', 'user-digital-applicant', 'departmentId', 'dept-digital-it', 'categoryId', 'category-it-hardware', 'budgetAccountId', 'budget-digital-it-equipment', 'supplierId', 'supplier-bluechip', 'title', '客户演示终端补充采购', 'expectedDeliveryDate', '2026-06-24', 'totalAmount', 148500.00, 'currency', 'CNY', 'lineCount', 1),
        '2026-05-19 11:24:00',
        '2026-05-19 11:45:00'
    ),
    (
        'PR-20260519-0404',
        'company-digital',
        'user-digital-applicant',
        'dept-digital-it',
        'category-it-hardware',
        'budget-digital-it-equipment',
        'supplier-bluechip',
        '数据备份存储阵列采购',
        '研发共享环境需要扩容备份存储阵列，支撑项目制交付资料归档。',
        'SUBMITTED',
        236000.00,
        'CNY',
        '2026-06-30',
        '2026-05-19 11:50:00',
        JSON_OBJECT('formVersion', 'purchase-request-intake-v1', 'companyId', 'company-digital', 'requesterId', 'user-digital-applicant', 'departmentId', 'dept-digital-it', 'categoryId', 'category-it-hardware', 'budgetAccountId', 'budget-digital-it-equipment', 'supplierId', 'supplier-bluechip', 'title', '数据备份存储阵列采购', 'expectedDeliveryDate', '2026-06-30', 'totalAmount', 236000.00, 'currency', 'CNY', 'lineCount', 1),
        '2026-05-19 11:42:00',
        '2026-05-19 12:05:00'
    ),
    (
        'PR-20260519-0405',
        'company-digital',
        'user-digital-applicant',
        'dept-digital-it',
        'category-software-subscription',
        'budget-digital-software',
        'supplier-yunzhou',
        '代码质量扫描服务续订',
        '研发团队续订代码质量扫描服务，用于主干分支安全检查和质量门禁。',
        'SUBMITTED',
        54000.00,
        'CNY',
        '2026-06-16',
        '2026-05-19 12:18:00',
        JSON_OBJECT('formVersion', 'purchase-request-intake-v1', 'companyId', 'company-digital', 'requesterId', 'user-digital-applicant', 'departmentId', 'dept-digital-it', 'categoryId', 'category-software-subscription', 'budgetAccountId', 'budget-digital-software', 'supplierId', 'supplier-yunzhou', 'title', '代码质量扫描服务续订', 'expectedDeliveryDate', '2026-06-16', 'totalAmount', 54000.00, 'currency', 'CNY', 'lineCount', 1),
        '2026-05-19 12:10:00',
        '2026-05-19 12:18:00'
    ),
    (
        'PR-20260519-0501',
        'company-manufacturing',
        'user-mfg-applicant',
        'dept-mfg-production',
        'category-equipment-spares',
        'budget-mfg-spares',
        'supplier-hengrun',
        '包装线伺服电机备件采购',
        '包装线年度检修需要提前准备伺服电机和驱动备件。',
        'SUBMITTED',
        96500.00,
        'CNY',
        '2026-06-25',
        '2026-05-19 12:36:00',
        JSON_OBJECT('formVersion', 'purchase-request-intake-v1', 'companyId', 'company-manufacturing', 'requesterId', 'user-mfg-applicant', 'departmentId', 'dept-mfg-production', 'categoryId', 'category-equipment-spares', 'budgetAccountId', 'budget-mfg-spares', 'supplierId', 'supplier-hengrun', 'title', '包装线伺服电机备件采购', 'expectedDeliveryDate', '2026-06-25', 'totalAmount', 96500.00, 'currency', 'CNY', 'lineCount', 1),
        '2026-05-19 12:28:00',
        '2026-05-19 12:36:00'
    ),
    (
        'PR-20260519-0502',
        'company-manufacturing',
        'user-mfg-warehouse',
        'dept-mfg-warehouse',
        'category-logistics-service',
        'budget-mfg-logistics',
        'supplier-anjie',
        '华南临时转运服务采购',
        '仓储物流部为华南客户临时出货安排转运服务。',
        'SUBMITTED',
        31800.00,
        'CNY',
        '2026-06-03',
        '2026-05-19 12:48:00',
        JSON_OBJECT('formVersion', 'purchase-request-intake-v1', 'companyId', 'company-manufacturing', 'requesterId', 'user-mfg-warehouse', 'departmentId', 'dept-mfg-warehouse', 'categoryId', 'category-logistics-service', 'budgetAccountId', 'budget-mfg-logistics', 'supplierId', 'supplier-anjie', 'title', '华南临时转运服务采购', 'expectedDeliveryDate', '2026-06-03', 'totalAmount', 31800.00, 'currency', 'CNY', 'lineCount', 1),
        '2026-05-19 12:40:00',
        '2026-05-19 12:48:00'
    );

INSERT IGNORE INTO purchase_request_lines (
    request_id,
    line_no,
    item_name,
    specification,
    quantity,
    unit,
    estimated_unit_price,
    estimated_amount,
    category_id,
    created_at
) VALUES
    ('PR-20260519-0401', 1, '云测试资源包', '性能压测实例、兼容性测试环境和日志留存', 1.00, '项', 86000.00, 86000.00, 'category-software-subscription', '2026-05-19 10:58:00'),
    ('PR-20260519-0402', 1, '入职办公套装', '键鼠、扩展坞、桌面收纳组合', 16.00, '套', 1600.00, 25600.00, 'category-office-supplies', '2026-05-19 11:12:00'),
    ('PR-20260519-0402', 2, '会议协作用品', '便携白板、投屏线缆和标识用品', 1.00, '批', 9600.00, 9600.00, 'category-office-supplies', '2026-05-19 11:12:00'),
    ('PR-20260519-0403', 1, '高性能演示终端', '14 英寸 / 32G / 1T SSD / 独立显卡', 15.00, '台', 9900.00, 148500.00, 'category-it-hardware', '2026-05-19 11:24:00'),
    ('PR-20260519-0404', 1, '备份存储阵列', '120TB 可用容量 / 双控制器 / 三年质保', 1.00, '套', 236000.00, 236000.00, 'category-it-hardware', '2026-05-19 11:42:00'),
    ('PR-20260519-0405', 1, '代码质量扫描服务', '年度订阅、主干分支质量门禁和安全规则库', 1.00, '项', 54000.00, 54000.00, 'category-software-subscription', '2026-05-19 12:10:00'),
    ('PR-20260519-0501', 1, '伺服电机备件', '包装线备用电机和驱动模块', 5.00, '套', 19300.00, 96500.00, 'category-equipment-spares', '2026-05-19 12:28:00'),
    ('PR-20260519-0502', 1, '临时转运服务', '华南客户临时出货转运和装卸服务', 1.00, '项', 31800.00, 31800.00, 'category-logistics-service', '2026-05-19 12:40:00');

INSERT IGNORE INTO approval_instances (
    approval_id,
    request_id,
    company_id,
    requester_id,
    matched_rule_id,
    status,
    current_step_order,
    context_snapshot_json,
    started_at,
    created_at,
    updated_at
) VALUES
    ('AP-20260519-0401', 'PR-20260519-0401', 'company-digital', 'user-digital-applicant', 'rule-digital-default', 'IN_PROGRESS', 1, JSON_OBJECT('requestId', 'PR-20260519-0401', 'companyId', 'company-digital', 'requesterId', 'user-digital-applicant', 'departmentId', 'dept-digital-it', 'categoryId', 'category-software-subscription', 'budgetAccountId', 'budget-digital-software', 'supplierId', 'supplier-yunzhou', 'title', '研发云测试资源季度扩容', 'totalAmount', 86000.00, 'currency', 'CNY', 'expectedDeliveryDate', '2026-06-19', 'lineCount', 1), '2026-05-19 11:05:00', '2026-05-19 11:05:00', '2026-05-19 11:05:00'),
    ('AP-20260519-0402', 'PR-20260519-0402', 'company-digital', 'user-digital-applicant', 'rule-digital-default', 'IN_PROGRESS', 1, JSON_OBJECT('requestId', 'PR-20260519-0402', 'companyId', 'company-digital', 'requesterId', 'user-digital-applicant', 'departmentId', 'dept-digital-admin', 'categoryId', 'category-office-supplies', 'budgetAccountId', 'budget-digital-office', 'supplierId', 'supplier-chengcai', 'title', '新员工入职办公套装采购', 'totalAmount', 35200.00, 'currency', 'CNY', 'expectedDeliveryDate', '2026-06-08', 'lineCount', 2), '2026-05-19 11:18:00', '2026-05-19 11:18:00', '2026-05-19 11:18:00'),
    ('AP-20260519-0403', 'PR-20260519-0403', 'company-digital', 'user-digital-applicant', 'rule-digital-it-high', 'IN_PROGRESS', 2, JSON_OBJECT('requestId', 'PR-20260519-0403', 'companyId', 'company-digital', 'requesterId', 'user-digital-applicant', 'departmentId', 'dept-digital-it', 'categoryId', 'category-it-hardware', 'budgetAccountId', 'budget-digital-it-equipment', 'supplierId', 'supplier-bluechip', 'title', '客户演示终端补充采购', 'totalAmount', 148500.00, 'currency', 'CNY', 'expectedDeliveryDate', '2026-06-24', 'lineCount', 1), '2026-05-19 11:32:00', '2026-05-19 11:32:00', '2026-05-19 11:45:00'),
    ('AP-20260519-0404', 'PR-20260519-0404', 'company-digital', 'user-digital-applicant', 'rule-digital-it-high', 'IN_PROGRESS', 2, JSON_OBJECT('requestId', 'PR-20260519-0404', 'companyId', 'company-digital', 'requesterId', 'user-digital-applicant', 'departmentId', 'dept-digital-it', 'categoryId', 'category-it-hardware', 'budgetAccountId', 'budget-digital-it-equipment', 'supplierId', 'supplier-bluechip', 'title', '数据备份存储阵列采购', 'totalAmount', 236000.00, 'currency', 'CNY', 'expectedDeliveryDate', '2026-06-30', 'lineCount', 1), '2026-05-19 11:50:00', '2026-05-19 11:50:00', '2026-05-19 12:05:00'),
    ('AP-20260519-0405', 'PR-20260519-0405', 'company-digital', 'user-digital-applicant', 'rule-digital-default', 'IN_PROGRESS', 1, JSON_OBJECT('requestId', 'PR-20260519-0405', 'companyId', 'company-digital', 'requesterId', 'user-digital-applicant', 'departmentId', 'dept-digital-it', 'categoryId', 'category-software-subscription', 'budgetAccountId', 'budget-digital-software', 'supplierId', 'supplier-yunzhou', 'title', '代码质量扫描服务续订', 'totalAmount', 54000.00, 'currency', 'CNY', 'expectedDeliveryDate', '2026-06-16', 'lineCount', 1), '2026-05-19 12:18:00', '2026-05-19 12:18:00', '2026-05-19 12:18:00'),
    ('AP-20260519-0501', 'PR-20260519-0501', 'company-manufacturing', 'user-mfg-applicant', 'rule-mfg-spares', 'IN_PROGRESS', 1, JSON_OBJECT('requestId', 'PR-20260519-0501', 'companyId', 'company-manufacturing', 'requesterId', 'user-mfg-applicant', 'departmentId', 'dept-mfg-production', 'categoryId', 'category-equipment-spares', 'budgetAccountId', 'budget-mfg-spares', 'supplierId', 'supplier-hengrun', 'title', '包装线伺服电机备件采购', 'totalAmount', 96500.00, 'currency', 'CNY', 'expectedDeliveryDate', '2026-06-25', 'lineCount', 1), '2026-05-19 12:36:00', '2026-05-19 12:36:00', '2026-05-19 12:36:00'),
    ('AP-20260519-0502', 'PR-20260519-0502', 'company-manufacturing', 'user-mfg-warehouse', 'rule-mfg-default', 'IN_PROGRESS', 1, JSON_OBJECT('requestId', 'PR-20260519-0502', 'companyId', 'company-manufacturing', 'requesterId', 'user-mfg-warehouse', 'departmentId', 'dept-mfg-warehouse', 'categoryId', 'category-logistics-service', 'budgetAccountId', 'budget-mfg-logistics', 'supplierId', 'supplier-anjie', 'title', '华南临时转运服务采购', 'totalAmount', 31800.00, 'currency', 'CNY', 'expectedDeliveryDate', '2026-06-03', 'lineCount', 1), '2026-05-19 12:48:00', '2026-05-19 12:48:00', '2026-05-19 12:48:00');

INSERT IGNORE INTO approval_nodes (
    node_id,
    approval_id,
    request_id,
    company_id,
    step_order,
    node_name,
    approver_id,
    status,
    activated_at,
    completed_at,
    created_at,
    updated_at
) VALUES
    ('AP-20260519-0401-N01', 'AP-20260519-0401', 'PR-20260519-0401', 'company-digital', 1, '业务负责人审批', 'user-digital-approver', 'ACTIVE', '2026-05-19 11:05:00', NULL, '2026-05-19 11:05:00', '2026-05-19 11:05:00'),
    ('AP-20260519-0402-N01', 'AP-20260519-0402', 'PR-20260519-0402', 'company-digital', 1, '业务负责人审批', 'user-digital-approver', 'ACTIVE', '2026-05-19 11:18:00', NULL, '2026-05-19 11:18:00', '2026-05-19 11:18:00'),
    ('AP-20260519-0403-N01', 'AP-20260519-0403', 'PR-20260519-0403', 'company-digital', 1, '部门负责人审批', 'user-digital-approver', 'APPROVED', '2026-05-19 11:32:00', '2026-05-19 11:45:00', '2026-05-19 11:32:00', '2026-05-19 11:45:00'),
    ('AP-20260519-0403-N02', 'AP-20260519-0403', 'PR-20260519-0403', 'company-digital', 2, '财务审批', 'user-digital-finance', 'ACTIVE', '2026-05-19 11:45:00', NULL, '2026-05-19 11:32:00', '2026-05-19 11:45:00'),
    ('AP-20260519-0404-N01', 'AP-20260519-0404', 'PR-20260519-0404', 'company-digital', 1, '部门负责人审批', 'user-digital-approver', 'APPROVED', '2026-05-19 11:50:00', '2026-05-19 12:05:00', '2026-05-19 11:50:00', '2026-05-19 12:05:00'),
    ('AP-20260519-0404-N02', 'AP-20260519-0404', 'PR-20260519-0404', 'company-digital', 2, '财务审批', 'user-digital-finance', 'ACTIVE', '2026-05-19 12:05:00', NULL, '2026-05-19 11:50:00', '2026-05-19 12:05:00'),
    ('AP-20260519-0405-N01', 'AP-20260519-0405', 'PR-20260519-0405', 'company-digital', 1, '业务负责人审批', 'user-digital-approver', 'ACTIVE', '2026-05-19 12:18:00', NULL, '2026-05-19 12:18:00', '2026-05-19 12:18:00'),
    ('AP-20260519-0501-N01', 'AP-20260519-0501', 'PR-20260519-0501', 'company-manufacturing', 1, '生产负责人审批', 'user-mfg-approver', 'ACTIVE', '2026-05-19 12:36:00', NULL, '2026-05-19 12:36:00', '2026-05-19 12:36:00'),
    ('AP-20260519-0502-N01', 'AP-20260519-0502', 'PR-20260519-0502', 'company-manufacturing', 1, '业务负责人审批', 'user-mfg-approver', 'ACTIVE', '2026-05-19 12:48:00', NULL, '2026-05-19 12:48:00', '2026-05-19 12:48:00');

INSERT IGNORE INTO approval_records (
    record_id,
    approval_id,
    node_id,
    company_id,
    actor_id,
    action,
    comment_text,
    created_at
) VALUES
    ('AP-20260519-0401-R01', 'AP-20260519-0401', NULL, 'company-digital', 'user-digital-applicant', 'CREATED', '提交采购申请后自动进入审批流', '2026-05-19 11:05:00'),
    ('AP-20260519-0402-R01', 'AP-20260519-0402', NULL, 'company-digital', 'user-digital-applicant', 'CREATED', '提交采购申请后自动进入审批流', '2026-05-19 11:18:00'),
    ('AP-20260519-0403-R01', 'AP-20260519-0403', NULL, 'company-digital', 'user-digital-applicant', 'CREATED', '提交采购申请后自动进入审批流', '2026-05-19 11:32:00'),
    ('AP-20260519-0403-R02', 'AP-20260519-0403', 'AP-20260519-0403-N01', 'company-digital', 'user-digital-approver', 'APPROVED', '演示终端预算确认，转财务复核', '2026-05-19 11:45:00'),
    ('AP-20260519-0404-R01', 'AP-20260519-0404', NULL, 'company-digital', 'user-digital-applicant', 'CREATED', '提交采购申请后自动进入审批流', '2026-05-19 11:50:00'),
    ('AP-20260519-0404-R02', 'AP-20260519-0404', 'AP-20260519-0404-N01', 'company-digital', 'user-digital-approver', 'APPROVED', '存储扩容需求明确，转财务复核', '2026-05-19 12:05:00'),
    ('AP-20260519-0405-R01', 'AP-20260519-0405', NULL, 'company-digital', 'user-digital-applicant', 'CREATED', '提交采购申请后自动进入审批流', '2026-05-19 12:18:00'),
    ('AP-20260519-0501-R01', 'AP-20260519-0501', NULL, 'company-manufacturing', 'user-mfg-applicant', 'CREATED', '提交采购申请后自动进入审批流', '2026-05-19 12:36:00'),
    ('AP-20260519-0502-R01', 'AP-20260519-0502', NULL, 'company-manufacturing', 'user-mfg-warehouse', 'CREATED', '提交采购申请后自动进入审批流', '2026-05-19 12:48:00');
