INSERT IGNORE INTO purchase_requests (
    request_id,
    company_id,
    requester_id,
    department_id,
    category_id,
    budget_account_id,
    supplier_id,
    title,
    description,
    status,
    total_amount,
    currency,
    expected_delivery_date,
    submitted_at,
    field_snapshot_json,
    created_at,
    updated_at
) VALUES
    (
        'PR-20260519-0301',
        'company-digital',
        'user-digital-applicant',
        'dept-digital-it',
        'category-it-hardware',
        'budget-digital-it-equipment',
        'supplier-bluechip',
        '研发测试工作站采购',
        '测试团队扩充自动化测试环境，需要补充高性能移动工作站。',
        'SUBMITTED',
        156000.00,
        'CNY',
        '2026-06-18',
        '2026-05-19 09:10:00',
        '{"formVersion":"purchase-request-intake-v1","companyId":"company-digital","requesterId":"user-digital-applicant","departmentId":"dept-digital-it","categoryId":"category-it-hardware","budgetAccountId":"budget-digital-it-equipment","supplierId":"supplier-bluechip","title":"研发测试工作站采购","expectedDeliveryDate":"2026-06-18","totalAmount":156000.00,"currency":"CNY","lineCount":1}',
        '2026-05-19 09:02:00',
        '2026-05-19 09:10:00'
    ),
    (
        'PR-20260519-0302',
        'company-digital',
        'user-digital-applicant',
        'dept-digital-admin',
        'category-office-supplies',
        'budget-digital-office',
        'supplier-chengcai',
        '行政办公耗材季度补货',
        '综合管理部按季度补充打印纸、会议用品和日常办公耗材。',
        'SUBMITTED',
        22800.00,
        'CNY',
        '2026-06-05',
        '2026-05-19 09:35:00',
        '{"formVersion":"purchase-request-intake-v1","companyId":"company-digital","requesterId":"user-digital-applicant","departmentId":"dept-digital-admin","categoryId":"category-office-supplies","budgetAccountId":"budget-digital-office","supplierId":"supplier-chengcai","title":"行政办公耗材季度补货","expectedDeliveryDate":"2026-06-05","totalAmount":22800.00,"currency":"CNY","lineCount":1}',
        '2026-05-19 09:28:00',
        '2026-05-19 09:35:00'
    ),
    (
        'PR-20260519-0303',
        'company-digital',
        'user-digital-applicant',
        'dept-digital-it',
        'category-software-subscription',
        'budget-digital-software',
        'supplier-yunzhou',
        '设计协作 SaaS 订阅扩容',
        '产品设计团队新增协作席位，用于原型评审和跨部门设计交付。',
        'SUBMITTED',
        64000.00,
        'CNY',
        '2026-06-12',
        '2026-05-19 09:50:00',
        '{"formVersion":"purchase-request-intake-v1","companyId":"company-digital","requesterId":"user-digital-applicant","departmentId":"dept-digital-it","categoryId":"category-software-subscription","budgetAccountId":"budget-digital-software","supplierId":"supplier-yunzhou","title":"设计协作 SaaS 订阅扩容","expectedDeliveryDate":"2026-06-12","totalAmount":64000.00,"currency":"CNY","lineCount":1}',
        '2026-05-19 09:44:00',
        '2026-05-19 09:50:00'
    ),
    (
        'PR-20260519-0304',
        'company-digital',
        'user-digital-applicant',
        'dept-digital-it',
        'category-it-hardware',
        'budget-digital-it-equipment',
        'supplier-bluechip',
        '研发网络安全网关采购',
        '研发测试环境需要独立安全网关设备，隔离外部联调流量。',
        'SUBMITTED',
        132000.00,
        'CNY',
        '2026-06-22',
        '2026-05-19 10:05:00',
        '{"formVersion":"purchase-request-intake-v1","companyId":"company-digital","requesterId":"user-digital-applicant","departmentId":"dept-digital-it","categoryId":"category-it-hardware","budgetAccountId":"budget-digital-it-equipment","supplierId":"supplier-bluechip","title":"研发网络安全网关采购","expectedDeliveryDate":"2026-06-22","totalAmount":132000.00,"currency":"CNY","lineCount":1}',
        '2026-05-19 09:58:00',
        '2026-05-19 10:18:00'
    );

INSERT IGNORE INTO purchase_request_lines (
    request_id,
    line_no,
    item_name,
    specification,
    quantity,
    unit,
    estimated_unit_price,
    estimated_amount,
    category_id,
    created_at
) VALUES
    ('PR-20260519-0301', 1, '高性能移动工作站', '16 英寸 / 64G / 2T SSD / 独显', 12.00, '台', 13000.00, 156000.00, 'category-it-hardware', '2026-05-19 09:02:00'),
    ('PR-20260519-0302', 1, '季度办公耗材包', '打印纸、白板笔、会议用品组合', 1.00, '批', 22800.00, 22800.00, 'category-office-supplies', '2026-05-19 09:28:00'),
    ('PR-20260519-0303', 1, '设计协作平台席位', '团队版年度订阅', 40.00, '席', 1600.00, 64000.00, 'category-software-subscription', '2026-05-19 09:44:00'),
    ('PR-20260519-0304', 1, '研发网络安全网关', '千兆吞吐 / VPN / 日志审计', 6.00, '台', 22000.00, 132000.00, 'category-it-hardware', '2026-05-19 09:58:00');

INSERT IGNORE INTO approval_instances (
    approval_id,
    request_id,
    company_id,
    requester_id,
    matched_rule_id,
    status,
    current_step_order,
    context_snapshot_json,
    started_at,
    created_at,
    updated_at
) VALUES
    (
        'AP-20260519-0301',
        'PR-20260519-0301',
        'company-digital',
        'user-digital-applicant',
        'rule-digital-it-high',
        'IN_PROGRESS',
        1,
        JSON_OBJECT('requestId', 'PR-20260519-0301', 'companyId', 'company-digital', 'requesterId', 'user-digital-applicant', 'departmentId', 'dept-digital-it', 'categoryId', 'category-it-hardware', 'budgetAccountId', 'budget-digital-it-equipment', 'supplierId', 'supplier-bluechip', 'title', '研发测试工作站采购', 'totalAmount', 156000.00, 'currency', 'CNY', 'expectedDeliveryDate', '2026-06-18', 'lineCount', 1),
        '2026-05-19 09:10:00',
        '2026-05-19 09:10:00',
        '2026-05-19 09:10:00'
    ),
    (
        'AP-20260519-0302',
        'PR-20260519-0302',
        'company-digital',
        'user-digital-applicant',
        'rule-digital-default',
        'IN_PROGRESS',
        1,
        JSON_OBJECT('requestId', 'PR-20260519-0302', 'companyId', 'company-digital', 'requesterId', 'user-digital-applicant', 'departmentId', 'dept-digital-admin', 'categoryId', 'category-office-supplies', 'budgetAccountId', 'budget-digital-office', 'supplierId', 'supplier-chengcai', 'title', '行政办公耗材季度补货', 'totalAmount', 22800.00, 'currency', 'CNY', 'expectedDeliveryDate', '2026-06-05', 'lineCount', 1),
        '2026-05-19 09:35:00',
        '2026-05-19 09:35:00',
        '2026-05-19 09:35:00'
    ),
    (
        'AP-20260519-0303',
        'PR-20260519-0303',
        'company-digital',
        'user-digital-applicant',
        'rule-digital-default',
        'IN_PROGRESS',
        1,
        JSON_OBJECT('requestId', 'PR-20260519-0303', 'companyId', 'company-digital', 'requesterId', 'user-digital-applicant', 'departmentId', 'dept-digital-it', 'categoryId', 'category-software-subscription', 'budgetAccountId', 'budget-digital-software', 'supplierId', 'supplier-yunzhou', 'title', '设计协作 SaaS 订阅扩容', 'totalAmount', 64000.00, 'currency', 'CNY', 'expectedDeliveryDate', '2026-06-12', 'lineCount', 1),
        '2026-05-19 09:50:00',
        '2026-05-19 09:50:00',
        '2026-05-19 09:50:00'
    ),
    (
        'AP-20260519-0304',
        'PR-20260519-0304',
        'company-digital',
        'user-digital-applicant',
        'rule-digital-it-high',
        'IN_PROGRESS',
        2,
        JSON_OBJECT('requestId', 'PR-20260519-0304', 'companyId', 'company-digital', 'requesterId', 'user-digital-applicant', 'departmentId', 'dept-digital-it', 'categoryId', 'category-it-hardware', 'budgetAccountId', 'budget-digital-it-equipment', 'supplierId', 'supplier-bluechip', 'title', '研发网络安全网关采购', 'totalAmount', 132000.00, 'currency', 'CNY', 'expectedDeliveryDate', '2026-06-22', 'lineCount', 1),
        '2026-05-19 10:05:00',
        '2026-05-19 10:05:00',
        '2026-05-19 10:18:00'
    );

INSERT IGNORE INTO approval_nodes (
    node_id,
    approval_id,
    request_id,
    company_id,
    step_order,
    node_name,
    approver_id,
    status,
    activated_at,
    completed_at,
    created_at,
    updated_at
) VALUES
    ('AP-20260519-0301-N01', 'AP-20260519-0301', 'PR-20260519-0301', 'company-digital', 1, '部门负责人审批', 'user-digital-approver', 'ACTIVE', '2026-05-19 09:10:00', NULL, '2026-05-19 09:10:00', '2026-05-19 09:10:00'),
    ('AP-20260519-0301-N02', 'AP-20260519-0301', 'PR-20260519-0301', 'company-digital', 2, '财务审批', 'user-digital-finance', 'PENDING', NULL, NULL, '2026-05-19 09:10:00', '2026-05-19 09:10:00'),
    ('AP-20260519-0302-N01', 'AP-20260519-0302', 'PR-20260519-0302', 'company-digital', 1, '业务负责人审批', 'user-digital-approver', 'ACTIVE', '2026-05-19 09:35:00', NULL, '2026-05-19 09:35:00', '2026-05-19 09:35:00'),
    ('AP-20260519-0303-N01', 'AP-20260519-0303', 'PR-20260519-0303', 'company-digital', 1, '业务负责人审批', 'user-digital-approver', 'ACTIVE', '2026-05-19 09:50:00', NULL, '2026-05-19 09:50:00', '2026-05-19 09:50:00'),
    ('AP-20260519-0304-N01', 'AP-20260519-0304', 'PR-20260519-0304', 'company-digital', 1, '部门负责人审批', 'user-digital-approver', 'APPROVED', '2026-05-19 10:05:00', '2026-05-19 10:18:00', '2026-05-19 10:05:00', '2026-05-19 10:18:00'),
    ('AP-20260519-0304-N02', 'AP-20260519-0304', 'PR-20260519-0304', 'company-digital', 2, '财务审批', 'user-digital-finance', 'ACTIVE', '2026-05-19 10:18:00', NULL, '2026-05-19 10:05:00', '2026-05-19 10:18:00');

INSERT IGNORE INTO approval_records (
    record_id,
    approval_id,
    node_id,
    company_id,
    actor_id,
    action,
    comment_text,
    created_at
) VALUES
    ('AP-20260519-0301-R01', 'AP-20260519-0301', NULL, 'company-digital', 'user-digital-applicant', 'CREATED', '提交采购申请后自动进入审批流', '2026-05-19 09:10:00'),
    ('AP-20260519-0302-R01', 'AP-20260519-0302', NULL, 'company-digital', 'user-digital-applicant', 'CREATED', '提交采购申请后自动进入审批流', '2026-05-19 09:35:00'),
    ('AP-20260519-0303-R01', 'AP-20260519-0303', NULL, 'company-digital', 'user-digital-applicant', 'CREATED', '提交采购申请后自动进入审批流', '2026-05-19 09:50:00'),
    ('AP-20260519-0304-R01', 'AP-20260519-0304', NULL, 'company-digital', 'user-digital-applicant', 'CREATED', '提交采购申请后自动进入审批流', '2026-05-19 10:05:00'),
    ('AP-20260519-0304-R02', 'AP-20260519-0304', 'AP-20260519-0304-N01', 'company-digital', 'user-digital-approver', 'APPROVED', '部门预算已确认', '2026-05-19 10:18:00');
